Repository,Commits,Date
ServiceDesignToolkit,3,04/24/13
ServiceDesignToolkit,2,04/25/13
ServiceDesignToolkit,2,04/27/13
OpenMetaDesignToolkit,1,01/19/13
OpenMetaDesignToolkit,4,01/20/13
OpenMetaDesignToolkit,4,01/22/13
OpenMetaDesignToolkit,9,01/24/13
OpenMetaDesignToolkit,1,01/25/13
OpenMetaDesignToolkit,7,02/22/13
OpenMetaDesignToolkit,9,02/23/13
OpenMetaDesignToolkit,2,03/02/13
OpenMetaDesignToolkit,4,03/03/13
OpenMetaDesignToolkit,2,03/02/14
OpenMetaDesignToolkit,5,03/31/14
OpenMetaDesignToolkit,1,04/04/14
OpenMetaDesignApp,5,03/22/13
OpenMetaDesignApp,3,03/23/13
OpenMetaDesignApp,2,03/24/13
OpenMetaDesignApp,11,03/25/13
OpenMetaDesignApp,1,03/26/13
OpenMetaDesignApp,9,03/27/13
OpenMetaDesignApp,7,03/28/13
OpenMetaDesignApp,9,03/29/13
OpenMetaDesignApp,7,03/30/13
OpenMetaDesignApp,8,03/31/13
OpenMetaDesignApp,12,04/01/13
OpenMetaDesignApp,2,04/02/13
OpenMetaDesignApp,6,04/03/13
OpenMetaDesignApp,11,04/05/13
OpenMetaDesignApp,2,04/06/13
OpenMetaDesignApp,12,04/07/13
OpenMetaDesignApp,8,04/08/13
OpenMetaDesignApp,2,04/09/13
OpenMetaDesignApp,1,04/11/13
OpenMetaDesignApp,10,04/14/13
OpenMetaDesignApp,7,04/15/13
OpenMetaDesignApp,4,04/16/13
OpenMetaDesignApp,1,04/18/13
OpenMetaDesignApp,9,04/22/13
OpenMetaDesignApp,5,05/10/13
OpenMetaDesignApp,2,05/15/13
OpenMetaDesignApp,8,05/16/13
OpenMetaDesignApp,3,06/01/13
OpenMetaDesignApp,4,06/02/13
OpenMetaDesignApp,6,06/03/13
OpenMetaDesignApp,2,06/04/13
OpenMetaDesignApp,4,06/19/13
OpenMetaDesignApp,3,06/20/13
OpenMetaDesign,5,05/20/17
OpenMetaDesign,9,05/21/17
OpenMetaDesign,8,05/26/17
OpenMetaDesign,4,05/27/17
OpenMetaDesign,1,05/28/17
OpenMetaDesign,3,05/29/17
OpenMetaDesign,4,05/30/17
OpenMetaDesign,1,06/02/17
OpenMetaDesign,3,06/10/17
OpenMetaDesign,36,06/11/17
OpenMetaDesign,12,06/23/17
OpenMetaDesign,1,06/24/17
OpenMetaDesign,5,06/25/17
OpenMetaDesign,1,07/09/17
OpenMetaDesign,3,07/20/17
OpenMetaDesign,1,07/26/17
OpenMetaDesign,6,07/30/17
OpenMetaDesign,2,08/09/17
OpenMetaDesign,8,08/23/17
OpenMetaDesign,7,08/24/17
OpenMetaDesign,6,08/25/17
OpenMetaDesign,3,08/26/17
OpenMetaDesign,2,08/28/17
OpenMetaDesign,1,08/29/17
OpenMetaDesign,1,09/09/17
OpenMetaDesign,2,09/10/17
OpenMetaDesign,4,09/17/17
OpenMetaDesign,5,09/18/17
OpenMetaDesign,2,09/19/17
OpenMetaDesign,2,09/26/17
OpenMetaDesign,1,10/09/17
OpenMetaDesign,5,10/10/17
OpenMetaDesign,2,10/11/17
OpenMetaDesign,5,10/12/17
OpenMetaDesign,1,10/13/17
OpenMetaDesign,4,10/14/17
OpenMetaDesign,1,10/18/17
OpenMetaDesign,1,10/19/17
OpenMetaDesign,3,10/21/17
OpenMetaDesign,1,10/22/17
OpenMetaDesign,5,10/23/17
OpenMetaDesign,2,10/29/17
OpenMetaDesign,13,11/01/17
OpenMetaDesign,3,11/04/17
OpenMetaDesign,7,11/05/17
OpenMetaDesign,1,11/06/17
OpenMetaDesign,1,11/12/17
OpenMetaDesign,8,12/16/17
OpenMetaDesign,2, 2017-12-17
OpenMetaDesign,13, 2017-12-29
OpenMetaDesign,13, 2017-12-30
OpenMetaDesign,1, 2018-01-02
OpenMetaDesign,1, 2018-01-10
OpenMetaDesign,5, 2018-01-20
OpenMetaDesign,6, 2018-01-21
OpenMetaDesign,4, 2018-01-22
OpenMetaDesign,23, 2018-01-27
OpenMetaDesign,1, 2018-01-28
OpenMetaDesign,3, 2018-01-30
OpenMetaDesign,4, 2018-01-31
OpenMetaDesign,7, 2018-02-04
OpenMetaDesign,2, 2018-02-10
OpenMetaDesign,2, 2018-02-11
OpenMetaDesign,20, 2018-02-18
OpenMetaDesign,3, 2018-02-19
OpenMetaDesign,2, 2018-02-21
OpenMetaDesign,2, 2018-02-24
OpenMetaDesign,7, 2018-02-25
OpenMetaDesign,1, 2018-03-01
OpenMetaDesign,12, 2018-03-02
OpenMetaDesign,9, 2018-03-03
OpenMetaDesign,10, 2018-03-04
OpenMetaDesign,3, 2018-03-08
OpenMetaDesign,1, 2018-03-09
OpenMetaDesign,3, 2018-03-11
OpenMetaDesign,2, 2018-03-16
OpenMetaDesign,11, 2018-03-17
OpenMetaDesign,1, 2018-03-18
OpenMetaDesign,6, 2018-03-19
OpenMetaDesign,1, 2018-03-20
OpenMetaDesign,4, 2018-03-21
OpenMetaDesign,8, 2018-03-22
OpenMetaDesign,8, 2018-03-23
OpenMetaDesign,16, 2018-03-24
OpenMetaDesign,12, 2018-03-25
OpenMetaDesign,4, 2018-03-28
OpenMetaDesign,1, 2018-03-29
OpenMetaDesign,13, 2018-03-30
OpenMetaDesign,4, 2018-03-31
OpenMetaDesign,2, 2018-04-01
OpenMetaDesign,3, 2018-04-04
OpenMetaDesign,6, 2018-05-17
OpenMetaDesign,3, 2018-05-18
OpenMetaDesign,4, 2018-05-20
OpenMetaDesign,3, 2018-05-21
OpenMetaDesign,2, 2018-05-23
OpenMetaDesign,3, 2018-05-26
OpenMetaDesign,4, 2018-05-28
OpenMetaDesign,7, 2018-05-29
OpenMetaDesign,3, 2018-05-30
OpenMetaDesign,9, 2018-06-03
OpenMetaDesign,2, 2018-06-04
OpenMetaDesign,8, 2018-06-09
OpenMetaDesign,10, 2018-06-10
OpenMetaDesign,2, 2018-06-11
OpenMetaDesign,2, 2018-06-12
OpenMetaDesign,5, 2018-06-13
OpenMetaDesign,1, 2018-06-17
OpenMetaDesign,3, 2018-06-30
OpenMetaDesign,10, 2018-07-01
OpenMetaDesign,8, 2018-07-07
OpenMetaDesign,7, 2018-07-08
OpenMetaDesign,6, 2018-07-09
OpenMetaDesign,7, 2018-07-11
OpenMetaDesign,2, 2018-07-15
OpenMetaDesign,1, 2018-07-17
OpenMetaDesign,1, 2018-07-21
OpenMetaDesign,7, 2018-07-22
OpenMetaDesign,1, 2018-07-24
OpenMetaDesign,1, 2018-07-26
OpenMetaDesign,8, 2018-07-28
OpenMetaDesign,17, 2018-07-29
OpenMetaDesign,3, 2018-07-30
OpenMetaDesign,7, 2018-07-31
OpenMetaDesign,5, 2018-08-02
OpenMetaDesign,1, 2018-08-03
OpenMetaDesign,1, 2018-08-18
OpenMetaDesign,10, 2018-08-19
OpenMetaDesign,8, 2018-08-25
OpenMetaDesign,1, 2018-08-27
OpenMetaDesign,6, 2018-09-11
OpenMetaDesign,1, 2018-09-12
OpenMetaDesign,5, 2018-09-15
OpenMetaDesign,10, 2018-09-16
OpenMetaDesign,1, 2018-09-17
OpenMetaDesign,7, 2018-09-30
OpenMetaDesign,2, 2018-10-03
OpenMetaDesign,4, 2018-10-06
OpenMetaDesign,17, 2018-10-07
OpenMetaDesign,1, 2018-10-20
OpenMetaDesign,2, 2018-11-14
OpenMetaDesign,2, 2018-11-15
OpenMetaDesign,1, 2019-01-02
platform_analysis,8, 2015-11-13
platform_analysis,6, 2015-12-06
platform_analysis,4, 2016-05-17
platform_analysis,1, 2016-07-28
platform_analysis,6, 2016-07-30
platform_analysis,3, 2016-07-31
platform_analysis,2, 2016-08-04
platform_analysis,1, 2016-08-23
platform_analysis,1, 2016-08-24
platform_analysis,1, 2016-08-25
platform_analysis,3, 2016-08-26
platform_analysis,2, 2016-08-29
platform_analysis,1, 2016-08-30
platform_analysis,2, 2016-09-09
platform_analysis,2, 2016-09-11
platform_analysis,1, 2016-09-12
platform_analysis,3, 2016-09-13
platform_analysis,1, 2016-11-07
platform_analysis,3, 2016-11-27
platform_analysis,1, 2016-12-04
platform_analysis,5, 2016-12-06
platform_analysis,1, 2016-12-09
platform_analysis,3, 2016-12-20
platform_analysis,2, 2016-12-21
platform_analysis,2, 2016-12-22
platform_analysis,2, 2017-03-16
platform_analysis,3, 2017-05-29
platform_analysis,2, 2017-09-19
platform_analysis,9, 2017-09-21
platform_analysis,5, 2017-09-22
platform_analysis,6, 2017-10-19
platform_analysis,4, 2017-10-23
platform_analysis,1, 2017-10-24
platform_analysis,1, 2018-02-03
OpenMetaDesignResearchStudy,12,2019-01-03
OpenMetaDesignResearchStudy,1,2019-01-05
OpenMetaDesignResearchStudy,3,2019-07-28
